logNo	title	bookMention
224248653146	바닥 어디까지 쳐봤어?	false
224245471406	벚꽃은 예뻤고, 경기는..	true
224241564175	7회	false
224228001579	주식 같은 것 때문에.	false
224225324156	끝난건 아니다.	true
224224343941	26년 6회. 부상.	true
224213185786	취중.	false
224208802224	26년 5회.	false
224191560211	26년 4회.	true
224176195716	26년 3회.	false
224159132891	26년 2회	false
224142606288	26년 1회	false
224141341159	다시 턱걸이.	false
224128928285	2025.12.31 그리고 끝.	false
224126418000	뒷이야기.	true
224125171268	목계(木鷄) 5.	false
224124327141	목계(木鷄) 4.	false
224122151337	목계(木鷄) 3.	true
224119560748	목계 (木鷄) 2.	false
224117202768	목계 (木鷄) 1.	false
224115527839	이제는 상상력의 싸움.	false
224112654418	패를 대하는 자세 2.	true
224108067265	시장은 익숙한데, 인생은 낯설다.	false
224104902274	확신과 기대.	false
224102770775	돈을 대하는 상식.	true
224100591941	패(敗)를 대하는 자세 1.	true
224097828174	기운이라는게 있을까?	false
224095606956	확신보다 더 어려운 건, 유연함이다.	false
224093402115	기억에 남을 금, 토요일.	true
224090876785	그게 전부다.	false
224089597336	내길을 내 리듬으로.	false
224087710463	그냥 그렇다는 거다.	false
224086716616	지나간 한 페이지.	false
224084259350	돈을 무심히 보는 힘.	true
224079713426	힘들었던 며칠.	false
224076605849	확률투자 / 확신투자.	true
224074266823	버블일까?.	true
224073122850	인생을 모르지만..	true
224070729038	11월 29일 강연안내. 그리고..	true
224045266456	포즈랑의 투자 이야기.	true
224039714909	뜬구름 잡는 이야기.	false
224038810859	번거롭게 해 드렸습니다.	true
224038264103	길을 아는것과 걷는것의 차이.	true
224035080855	강연 참석자 분들께 질문.	false
224030882918	실패의 시간을, 준비의 과정으로..	false
224023403813	투자가 불로소득이라고?	false
224016381651	C님 / 투자의 실패가 인생의 실패는 아닙니다.	true
224012545762	그게 시작이었다.	false
224006563616	모두 떠나고..	true
224006353634	이게 1년전이라니..	false
224002460633	즐거웠지만..	true
223998915501	20명. 500명. 그걸 누가 알겠어..?	false
223997427011	다채로운 세상.	false
223981269018	내년에는 여름을 좋아해 볼까?	true
223979311584	B님 / 투자는 길고 긴 여정입니다.	true
223977019362	진짜 헛웃음 나와서..	true
223972166355	답이 없다면서.. 왜?	false
223971168655	한가해진 풍경	true
223970269167	A님 / 코인 선물 투자에 대하여.	true
223965682061	순수한 영혼에게.	true
223955448156	이게 맞다고 생각해?	true
223954730293	잘 살아. 이쁨 많이 받고...	true
223950308751	한마디만 더.	true
223947548993	후생가외라더니..	true
223943102003	분양 완료 되었습니다.	true
223941705251	사랑으로 키워 주실분 !!	true
223940659035	파생시장은..	false
223930912084	태도가 9할.	false
223915294636	걷기 시작한 새끼들.	true
223908447085	알 수 없는 인간.	false
223902098520	모성본능.	true
223896202447	벼리야 애썼다.	false
223891255122	드디어 다음 주.	true
223874721726	같은 듯 다른.	true
223856203565	댓글이 준 선물.	false
223854128597	이게 답은 아니겠지만..	false
223831834232	벼리의 임신	false
223823197596	하던걸 하자.	true
223817151119	확신의 정도.	false
223814707985	14 회차.	true
223813876784	투자는 자신을 알아 가는 과정.	true
223806733561	이 감정은 무얼까? 시원섭섭.. 아쉬움..	true
223804996631	드디어. 내일.	true
223794667143	답을 마치면서.	false
223790995946	12. 13회차.	false
223789517503	5.	false
223787959005	4	false
223785980255	3.	true
223784971963	2.	true
223783733326	1.	true
223773592213	날짜와 장소.	false
223767325635	10.11 회차.	false
223763364232	좋은 인연. 그리고 아들.	true
223758139716	답을 드리기에 앞서 2.	true
223754079703	답을 드리기에 앞서 1.	false
223752734842	8.9 회차.	false
223739901777	6.7 회차.	false
223739205543	25년 1월.	false
223735934624	문제는 실천력이다.	true
223723325296	2.3 회차.	false
223713474029	1회차.	false
223710822173	2024.12.31	true
223709854260	지켜야 할 선.	false
223708409140	24회.	true
223702025904	트레이딩은 그렇게 하면, 할게 못되는것이 맞고..	false
223698355471	향수.	false
223695369012	아는것만 이야기 하라니깐..	false
223693229067	승(勝)을 대하는 자세.	true
223687627727	23회	false
223683129217	12월 4일.	false
223678726905	먼저 경험했을뿐, 답을 알지도 찾지도 못했다.	true
223674667141	수급의 의미를 물으셔서..	true
223673524246	가치와 수급.	false
223671279650	22회	false
223654658068	21회	false
223653239430	Memento mori. 2	false
223651055899	Memento mori. 1	false
223635556189	20회	false
223634282481	해석이 모두 다르니까 시장이다.	false
223617078798	19회	false
223612554656	기막힌 우연.	false
223600502162	P.S.	false
223598765565	가을이 너무 좋다.	true
223592263925	18회	false
223585713383	남자의 일생.	false
223584290839	나를 잡았던 질문.	true
223581545222	개인 투자자의 모습 2- 번외편	false
223579272042	개인 투자자의 모습 2- 下	false
223576765419	17 회	true
223575803300	수학적 사고.	false
223573742604	귀가 좋아야 한다.	true
223570912589	개인투자자의 모습 2- 中	false
223569699267	?. !	true
223568241344	개인투자자의 모습 2 -上	false
223565639978	여름을 좋아할수 없게 되었다.	false
223560182196	16회	false
223560056383	하루를 두번 산다면..	false
223557853528	악화가 양화를 구축하는 곳.	false
223555408665	논쟁의 격.	false
223554770735	시장은 반복된다.	true
223544414864	역사적인 한주 2.	false
223544219230	15회	false
223543110755	역사적인 한주 1.	false
223535821251	끝없는 rally.	false
223528255201	14회	false
223528099757	인생의 무게.	true
223525914794	완벽함은 불가능하다.	true
223512056936	13회.	false
223506799638	싱거운 질문.  싱거운 답	true
223496062290	12회	false
223485685243	내 생각.	true
223484273300	이 문장이 왜 어렵다는거지?	false
223484063523	강탄이 벼리 소식	true
223483040218	각자 자기길 가자.	true
223482294208	우리는 그닥 많이 알지 못한다.	false
223481184508	11회	false
223478198581	만남 2.	true
223477930477	만남.	false
223473658478	오답의 의미.	false
223465021788	금투세에 대하여.	true
223458986203	10회	false
223447538702	9회	false
223447225675	와인 한병..	true
223443440210	20 년전.	false
223429798705	8회	false
223415173950	7회	false
223405497420	견지망월. (見指忘月)	true
223400492912	음악 한곡.	false
223397746283	not to be careless.	false
223393687795	6회	false
223384421219	멋진 두분.	false
223378913065	5회	false
223369876140	오해의 여지.	false
223368026131	4년전 그날.	true
223364498946	4회	false
223359639712	우리는 왜?	false
223355330551	아는 만큼 보이고, 들린다.	true
223350417128	3회.	false
223341956473	슬럼프 2.	true
223336288262	2회	false
223334843451	내가 경험한 앵커링 효과.	true
223330536616	나는 내 길 가고.. 너는 네 길 가고..	true
223322240457	질문과 답 4.	true
223322010673	1회	true
223321170430	질문과 답 3	true
223319747880	너무 막나가는거 같은데..?	true
223317516067	질문과 답 2.	true
223314109479	질문과 답 1.	false
223309017007	턱걸이 Orientation.	false
223308025613	2023.12.31	false
223306908347	어쩌면..	false
223305501974	슬럼프	true
223300723977	놀라운 배포.  아쉬웠던 자금관리.	false
223298035789	귀신 씨나락 까먹는 소리.	true
223297498586	Self confidence 2.	false
223296079249	Self confidence 1.	true
223292138789	유연성.	true
223290332356	마치면서..	false
223288561580	자금 관리에 대해서..	false
223286429197	추세를 적으로 삼지 마라.	false
223285437312	trading 의 핵심.	false
223284238673	trend follower 에게, 지금 시장의 위치는?	true
223283357820	낮은 승률..	true
223282324693	가치투자도 역시..	true
223279705897	손익비.	false
223278930489	수익은 열고, 손실은 닫아라.	true
223278736307	시작하면서..	false
223277710607	과정.	false
223277349377	고민. 그리고 좋은 음악 2.	false
223276501604	고민. 그리고 좋은 음악.	false
223275957253	가난에 얽힌 기억.	true
223275123874	어려운 질문 1.	false
223274768131	13 년전 생각.	false
223273366678	그래서, 내가 사람 보는 눈이 좋다고?	true
223272394076	세월 2.	true
223271520118	세월.	false
223270510797	세번째 승부수 2.	true
223269419840	세번째 승부수 1.	true
223268154352	영혼을 갈아 넣는다는건..	false
223266392034	내가 알아본 두 사람.	true
223263481307	내가 아는 이야기만 하자.	true
223261662776	데이트레이딩 ?	false
223261051079	추세추종 거래가 쉬울까?	true
223259032924	아마.. 이게 달랐을거다.	true
223255258357	잊혀지지 않는 기억	true
223253282993	시작했으면, 끝은 봐라.	false
223251245007	황태머리 사건	false
223249444906	팬심에 손절은 없다.. ?	true
223242477317	내가 만난 젊은 투자자 분들.	false
223238666142	인간.	false
223237039143	시간을 건너 뛰어서 2.	false
223236993754	시간을 건너 뛰어서 1.	false
223236607978	23년전.	true
223235303144	강탄이의 수난시대	true
223234765564	익히되 잊어라.	true
223232849180	가장 쉽게 돈버는 법	true
223224900583	다름에 대한 넉넉함.	true
223220717725	벼리와 강탄이의 만남	false
223219387085	강탄이와의 만남.	false
223216383809	벼리와 산행 2	true
223215362804	벼리와 산행 1	true
223214062540	벼리와 첫만남	false
223069257059	덧붙이는 글.	false
223040543072	끝	true
223038137794	트레이더를 꿈꾸는 분들께 2.	true
223037224845	트레이더를 꿈꾸는 분들께 1.	true
223032557691	잡담 3	true
223030140266	투자의 동의어는 Risk.	true
223025471397	개인투자자의 모습.	false
223021596388	잡담 2.	false
223020258361	음악 한곡.	false
223016400919	게임의 본질 2.	true
223013208265	게임의 본질 1.	true
223011357315	잡담	true
223009555753	그림 한장.	false
223008176144	열명..	true
223003139150	매몰 비용의 오류	true
222995099327	영혼을 갈아 넣어라.	true
222988818188	대화 4	false
222982317290	네게 맞는 방식을 서둘지 말고 찾아라	true
222975002442	대화 3.	false
222974560901	대화2	false
222974514282	대화 1.	false
222972121391	네 수준을 정확하게 알고...	true
222970918860	질문.	false
222429256925	끝	true
222427474665	몰입	true
222418925862	실패가 준 선물.	true
222412539578	포정해우(庖丁解牛)	false
222408884960	근성..	true
222397253799	Perfect is the enemy of good.	false
222393101024	원칙 2.	false
222391599644	원칙 1	true
222381597962	여동생 부부	false
222375444204	과정의 중요성..	false
222362759544	자만하지 마라. 서둘지 마라. 망설이지 마라.	true
222356644628	경험의 무게 ?	false
222344581658	고수와 하수	false
222342043145	투자 vs 트레이딩..	false
222339626674	인내심..	false
222332396822	간절함...	false
222323161459	정답은 없지만 성공한 사람은 많다.	false
222320653872	주식시장에서 복리가 가능할까? 4.	true
222313407491	주식시장에서 복리가 가능할까? 3	true
222310148052	주식시장에서 복리가 가능할까? 2	true
222306874022	신용은 꺼..	false
222301084441	주식시장에서 복리가 가능할까 1.	false
222298013272	진실	false
222294569896	거래의 핵심 두번째.	false
222292175972	투자의 성공 요인	false
222291715196	왕도는 없지만.. 2	false
222289538234	왕도는 없지만...	false
222284946597	시스템 트레이딩에 대한 단상 2.	false
222284135280	운은 승부를 결정짓지 못한다.	false
222276953817	[공유] 돈을 이기는 법 - 거래 이야기	true
222274868587	시스템 트레이딩에 대한 단상 1.	true
222273184856	그림의 의미..	false
222268367150	결...	false
222266209769	이 한장의 사진	false
222266184356	전업 투자자가 꿈이라고?	false
222264529723	이 한장의 그림	false
222256634949	이웃 블로그에서..	false
222250971295	Comparison is the thief of joy !	false
222247100839	공포라는 감정 3.	false
222230420149	Insight..  통찰력.. 혜안..	false
222220638000	공포라는 감정 2	false
222216384826	공포라는 감정..	false
222208084054	어느쪽을 볼것인가?	false
222199960906	코스피 3000p ...	false
222197606261	거래의 핵심 첫번째	false
222192538823	수적석천(水滴石穿)	false
222187631327	한권의 책을 추천하라면?	true
222186908005	도박이라고?	true
222185738266	10 년동안의 꿈	false
222178537747	시작	true
220234966664	2014년을 정리하며..	false
220065190637	2014년 7월 3주차 - 최저 변동성.. 바닥을 모르겠다.	false
220031389691	6월 2주차. -  내년에는 오늘을 꼭 기억하자..	false
120212976634	5월 2주차.	false
120209899735	3월 3주차- 시장의 본질..	false
120209449511	2014년 3월 2주차. - 동시 만기일	false
120208997279	2월 4주. 3월 1주차 -  봄 느낌..	false
120207507461	2월 2주, 3주차 - 시장은 변한다.	false
120207131661	2014년 1월 4주. 5주차. 2월 1주차.	false
120205782995	2014년 1월 3주차 - 기억에 남는 두분..	false
120205312566	2014년 1월 2주차. - 돈은 어떻게 써야 할까?	true
120204855777	2014년 1주 매매일지.	false
120204679780	2013 년 한해를 마무리 하면서..	true
120198179514	위기..	true
120194534690	끈기. 열정. 배짱.	true
120191708871	빛과 그림자.	false
120189425527	감사드립니다.	false
120188704565	2013년 4월 25일.	true
120188239713	책을 보내 드렸습니다.	true
120187836988	책이 나왔습니다.	true
120186041456	제목 짓기가 이렇게 어려울줄이야...	true
120182246877	세가지 이야기.	true
120181244104	질문에 대한 답변입니다..	true
120128463473	대한민국에서 자문사 ceo로 산다는 것은 ...	true
120122013347	my way..	false
120121135420	mental game	false
120120795913	하고 싶은일보다는  잘할수 있는일을 하자..	false
120120283047	인내심.	false
120119827330	천일야화 642 (12월 만기)	false
120118326460	천일야화 622 (11월 만기)	false
120116663163	천일야화 602 (10월 만기)	false
120114763761	천일야화 580 (9월 만기)	true
120113397458	운외창천(雲外蒼天)	false
120113073776	천일야화 560 (8월 만기)	true
120110738865	천일야화 535 (7월 만기)	false
120109281790	질준비가 되어 있는가..	true
120108998210	천일야화 515 ( 6월 만기 )	false
120107334240	보라는 달은 안보고. 왜 손가락만...	true
120107235149	천일야화 497 (5월 만기)	false
120107167821	Life is What You Make it	true
120106446539	안정적인 수익?	false
120106048833	春蘭秋菊各有時	false
120105083597	천일야화 471 (10.04.06)	false
120102475135	포기하지 말자 2	false
120094622727	포기하지 말자	true
120075523224	강의 후기	true
120073392489	성배는 없다... 적어도 내 경험으로는...	true
120073312062	시장이란...	false
120072094767	뉴질랜드 09.02.05 ~ 09.02.12	false
120072094759	뉴질랜드 09.02.05 ~ 09.02.12	false
120072094753	뉴질랜드 09.02.05 ~ 09.02.12	false
120072094736	뉴질랜드 09.02.05 ~ 09.02.12	false
120069399665	천일야화 256	false
120068792928	Love Can Build A Bridge	true
120067839612	투자의 기본	false
120065387664	천일야화 206	false
120064435778	옛글 모음	false
120063715148	천일야화 185	false
120063646067	천일야화 184	false
120063580161	천일야화 183	false
120063400392	천일야화 182	false
120063391386	2008/01/01	true
120063391299	1월의 마지막 날.	true
120063391138	게시판에서 뵈어도.. 느낌이 .. ^^	true
120063390744	심리를 다스리는 자가 시장을 지배한다.	true
120063390716	손절매의 심리학	false
120063390677	먼길을 떠나려면 ...	true
120063390648	1만 2천원의 행복.	true
120063390602	마지막 보루...	true
120063390512	매수세들 공격의 끝은...	false
120063390474	외인 - Buy Korea, 개인- Good bye Korea..	false
120063390444	돌파된 900 p.	false
120063390415	준비된 베팅	false
120063390384	2003년 알바트로스의 매매실적	false
120063390359	2003년 한국증시 정리	true
120063390337	메뉴얼을 읽는 여유를 가지시길..	true
120063390304	시스템 트레이딩에 대하여..	false
120063390276	고수와 하수..	true
120063390218	마음을 빼앗기면..	false
120063390186	즐기는 자와 노력하는자...	false
120063390162	지나간 만기일. 넘어선 저항선..	false
120063390128	不動如山(부동여산)	true
120063390100	메이저들의 선택은..	false
120063390077	시장은 결코 바쁘지 않다...	true
120063390054	길을 아는것과 길을 걷는것의 차이..	false
120063390026	기술적 분석의 虛와 實.	true
120063389992	인식의 전환..	false
120063389948	유연성..	false
120063389932	어깨에 힘을 빼라..	true
120063389897	승부..	true
120063389861	지나간 폭풍.	true
120063389734	만기일을 하루 앞두고.	false
120063389711	system 과 심리..	false
120063388896	단순하고 쉬운 기술..	true
120063388863	주식 투자는 진검 승부..	true
120063388821	하루도 빠짐없이 상한가를 적중시키는 전문가 님들에게.	false
120063335857	천일야화 181	false
120063271137	천일야화 180	false
120063210747	천일야화 179	false
120063151834	천일야화 178	false
120062987587	천일야화 177	false
120062921341	천일야화 176	false
120062855933	천일야화 175	false
120062792363	천일야화 174	false
120062727165	천일야화 173	false
120062551207	천일야화 172	false
120062487567	천일야화 171	false
120062424803	천일야화 170	false
120062199458	천일야화 169	false
120062130447	천일야화 168	false
120062063066	천일야화 167	false
120061999649	천일야화 166	false
120061937359	천일야화 165	false
120061767521	천일야화 164	false
120061732723	2008 년 한해를 접으면서..	false
120061703519	천일야화 163	false
120061642119	천일야화 162	false
120061580673	천일야화 161	false
120061520011	천일야화 160	false
120061358937	천일야화 159	false
120061301111	천일야화 158	false
120061241949	천일야화 157	false
120061187149	천일야화 156	false
120061130250	천일야화 155	false
120060975133	천일야화 154	false
120060809682	천일야화 153	false
120060755002	천일야화 152	false
120060607650	천일야화 151	false
120060514053	천일야화 150	false
120060462451	천일야화 149	false
120060412787	천일야화 148	false
120060261779	천일야화 147	false
120060206484	천일야화 146	false
120060153494	천일야화 145	false
120060101840	천일야화 144	false
120060035930	천일야화 143	false
120059881306	천일야화 142	false
120059827962	천일야화 141	false
120059777121	천일야화 140	false
120059724633	천일야화 139	false
120059674570	천일야화 138	false
120059530378	천일야화 137	false
120059482756	천일야화 136	false
120059434173	천일야화 135	false
120059384792	천일야화 134	false
120059348192	제게 메일을 주신 분들께...	false
120059335697	천일야화 133	false
120059305241	11 월을 보내고...	true
120059193466	천일야화 132	false
120059145130	천일야화 131	false
120059096125	천일야화 130	false
120059045775	천일야화 129	false
120058995805	천일야화 128	false
120058853735	천일야화 127	false
120058806251	천일야화 126	false
120058760615	천일야화 125	false
120058713458	천일야화 124	false
120058663478	천일야화 123	false
120058523022	천일야화 122	false
120058478846	천일야화 121	false
120058421577	천일야화 120	false
120058371743	천일야화 119	false
120058322400	천일야화 118	false
120058178973	천일야화 117	false
120058130530	천일야화 116	false
120058078810	천일야화 115	false
120058029164	천일야화 114	false
120057977819	천일야화 113	false
120057919875	10월을 보내고..	true
120057830889	천일야화 112	false
120057781521	천일야화 111	false
120057730908	천일야화 110	false
120057690864	천일야화 109	false
120057649109	천일야화 108	false
120057523317	천일야화 107	false
120057480702	천일야화 106	false
120057437495	천일야화 105	false
120057394308	천일야화 104	false
120057355440	천일야화 103	false
120057229583	천일야화 102	false
120057187144	천일야화 101	false
120057152230	천일야화 100	false
120057119966	천일야화 99	false
120057087543	천일야화 98	false
120056983912	천일야화 97	false
120056949672	천일야화 96	false
120056915565	천일야화 95	false
120056879910	천일야화 94	false
120056846900	천일야화 93	false
120056775267	9월을 보내고..	true
120056709792	천일야화 92	false
120056677681	천일야화 91	false
120056645280	천일야화 90	false
120056611551	천일야화 89	false
120056518153	천일야화 88	false
120056487252	천일야화 87	false
120056454569	천일야화 86	false
120056424924	천일야화 85	false
120056393021	천일야화 84	false
120056301828	천일야화 83	false
120056270938	천일야화 82	false
120056241394	천일야화 81	false
120056208702	천일야화 80	false
120056102369	천일야화 79	false
120056070729	천일야화 78	false
120056041352	천일야화 77	false
120056011684	천일야화 76	false
120055980706	천일야화 75	false
120055886276	천일야화 74	false
120055851360	천일야화 73	false
120055820132	천일야화 72	false
120055784504	천일야화 71	false
120055746936	천일야화 70	false
120055740868	8월을 보내고..	true
120055430542	천일야화 69	false
120055398876	천일야화 68	false
120055338693	천일야화 67	false
120055296986	천일야화 66	false
120055228201	천일야화 65	false
120055130661	천일야화 64	false
120055094703	천일야화 63	false
120055059184	천일야화 62	false
120055022472	천일야화 61	false
120054984464	천일야화 60	false
120054852443	천일야화 59	false
120054818065	천일야화 58	false
120054784044	천일야화 57	false
120054752603	천일야화 56	false
120054667409	천일야화 55	false
120054633108	천일야화 54	false
120054600618	천일야화 53	false
120054567421	천일야화 52	false
120054535215	천일야화 51	false
120054515653	7월을 보내고..	false
120054451907	천일야화 50	false
120054421210	천일야화 49	false
120054388887	천일야화 48	false
120054357071	천일야화 47	false
120054321806	천일야화 46	true
120054229200	천일야화 45	false
120054194943	천일야화 44	false
120054159718	천일야화 43	false
120054126349	천일야화 42	false
120054092448	천일야화 41	false
120053998408	천일야화 40	false
120053968413	천일야화 39	false
120053936524	천일야화 38	false
120053904974	천일야화 37	false
120053874168	천일야화 36	false
120053785246	천일야화 35	false
120053755953	천일야화 34	false
120053727015	천일야화 33	false
120053715997	드디어 고점 돌파..	false
120053696362	천일야화 32	false
120053667662	천일야화 31	false
120053631250	370 ...	false
120053581793	천일야화 30	false
120053552828	천일야화 29	false
120053522034	천일야화 28	false
120053518185	포넷에서의 소란..	true
120053513706	6월을 보내고..	false
120053492667	천일야화 27	false
120053462175	천일야화 26	false
120053372959	천일야화 25	false
120053343715	천일야화 24	false
120053310765	천일야화 23	false
120053279760	천일야화 22	false
120053246431	천일야화 21	false
120053177322	뒤늦은 후회..	false
120053152783	천일야화 20	false
120053121108	천일야화 19	false
120053080642	천일야화 18	false
120053049631	천일야화 17	false
120053019596	천일야화 16	false
120052924761	천일야화 15	false
120052896110	천일야화 14	false
120052866051	천일야화 13	false
120052832201	천일야화 12	false
120052814721	나를 놀라게 한분들.	true
120052799007	천일야화 11	false
120052663847	천일야화 10	false
120052633064	천일야화 9	false
120052604054	천일야화 8	false
120052569404	천일야화 7	false
120052107944	5월을 보내고..	false
120051939376	천일야화 6	false
120051896182	천일야화 5	false
120051863764	천일야화 4	false
120051831869	천일야화 3	false
120051794283	천일야화 2	false
120051761735	천일야화 1	false
120051727409	돈이 있으면 행복할까?...	false
120051422325	최고점 돌파와 치통.	false
120051079029	4월을 보내고..	false
120050457016	會當凌絶頂 一覽衆山小 4/16	true
120049844752	3월을 보내면서.	false
120049217299	會當凌絶頂 一覽衆山小 3/14	false
120049123094	會當凌絶頂 一覽衆山小 3/11	true
120048970519	부탁드립니다..	true
120048917142	쉽지 않은 길..	true
120048889169	3월의 시작.	true
120048145614	다시 최고점 돌파.	false
120048054947	會當凌絶頂 一覽衆山小 2/15	false
120047695343	[공유] ADA갤러	false
120047669211	會當凌絶頂 一覽衆山小 2/4	false
120047523433	재미를 느껴라.	false
120047514621	會當凌絶頂 一覽衆山小 1/31	true
120047514604	會當凌絶頂 一覽衆山小 1/30	false
120047376958	會當凌絶頂 一覽衆山小 1/28	false
120047376854	내 첫 수초 어항	false
120047358978	권토중래	true
120047305160	mdd 갱신..	false
120047263159	會當凌絶頂 一覽衆山小 1/25	false
120047223357	會當凌絶頂 一覽衆山小 1/24	false
120047149564	검은 화요일.	false
120047135555	會當凌絶頂 一覽衆山小 1/22	false
120047097067	會當凌絶頂 一覽衆山小 1/21	false
120046981865	會當凌絶頂 一覽衆山小 1/18	false
120046707861	會當凌絶頂 一覽衆山小 1/11	false
120046662848	會當凌絶頂 一覽衆山小 1/10	false
120046579056	會當凌絶頂 一覽衆山小 1/8	false
120046444220	생각치 못했던.. 그러나 생각했어야 했던 일..	true
120046430707	會當凌絶頂 一覽衆山小 1/4	true
120046349686	한해 수고 많이 하셨습니다. !!	false
120046104731	정말 고수를 보고 싶은가?	false
120045926570	가능할까..	false
120045806276	會當凌絶頂 一覽衆山小 12/18	false
120045661858	會當凌絶頂 一覽衆山小 12/14	false
120045623638	會當凌絶頂 一覽衆山小 12/13	true
120045587538	會當凌絶頂 一覽衆山小 12/12	false
120045548682	會當凌絶頂 一覽衆山小 12/11	false
120045510780	會當凌絶頂 一覽衆山小 12/10	false
120045396282	會當凌絶頂 一覽衆山小 12/7	false
120045360865	會當凌絶頂 一覽衆山小 12/6	false
120045324186	會當凌絶頂 一覽衆山小 12/5	false
120045042285	會當凌絶頂 一覽衆山小 11/27	true
120043473379	10월 15일	true
120043246942	10월 8일	false
120043125263	10월 4일.. 출발이다...	false
120040602119	황당한 시장.  유쾌한 대화.	false
120034351062	꿈은 이뤄진다.	false
